<?xml version="1.0" encoding="UTF-8"?>
<metadata xml:lang="en"><Esri><CreaDate>20151106</CreaDate><CreaTime>19132700</CreaTime><ArcGISFormat>1.0</ArcGISFormat><SyncOnce>TRUE</SyncOnce><DataProperties><lineage><Process ToolSource="c:\program files (x86)\arcgis\desktop10.2\ArcToolbox\Toolboxes\Spatial Analyst Tools.tbx\ExtractByMask" Date="20151106" Time="191327">ExtractByMask C:\Estagio\raw_data\MOD11A2.MRTWEB.A2002073.005.LST_Day_1km.tif C:\Estagio\raw_data\MOD11A2.MRTWEB.A2000065.005.LST_Day_1km.tif C:\Estagio\raw_data\GRID_DATA\a02073LST_Da</Process></lineage></DataProperties></Esri></metadata>
