<?xml version="1.0" encoding="UTF-8"?>
<metadata xml:lang="en"><Esri><CreaDate>20151106</CreaDate><CreaTime>19163100</CreaTime><ArcGISFormat>1.0</ArcGISFormat><SyncOnce>TRUE</SyncOnce><DataProperties><lineage><Process ToolSource="c:\program files (x86)\arcgis\desktop10.2\ArcToolbox\Toolboxes\Spatial Analyst Tools.tbx\ExtractByMask" Date="20151106" Time="191631">ExtractByMask C:\Estagio\raw_data\MOD11A2.MRTWEB.A2004265.005.LST_Night_1km.tif C:\Estagio\raw_data\MOD11A2.MRTWEB.A2000065.005.LST_Day_1km.tif C:\Estagio\raw_data\GRID_DATA\a04265LST_Ni</Process></lineage></DataProperties></Esri></metadata>
